--
-- PostgreSQL database dump
--

-- Dumped from database version 12.12 (Ubuntu 12.12-0ubuntu0.20.04.1)
-- Dumped by pg_dump version 12.12 (Ubuntu 12.12-0ubuntu0.20.04.1)

SET statement_timeout = 0;
SET lock_timeout = 0;
SET idle_in_transaction_session_timeout = 0;
SET client_encoding = 'UTF8';
SET standard_conforming_strings = on;
SELECT pg_catalog.set_config('search_path', '', false);
SET check_function_bodies = false;
SET xmloption = content;
SET client_min_messages = warning;
SET row_security = off;

SET default_tablespace = '';

SET default_table_access_method = heap;

--
-- Name: auth_group; Type: TABLE; Schema: public; Owner: marcelo
--

CREATE TABLE public.auth_group (
    id integer NOT NULL,
    name character varying(150) NOT NULL
);


ALTER TABLE public.auth_group OWNER TO marcelo;

--
-- Name: auth_group_id_seq; Type: SEQUENCE; Schema: public; Owner: marcelo
--

ALTER TABLE public.auth_group ALTER COLUMN id ADD GENERATED BY DEFAULT AS IDENTITY (
    SEQUENCE NAME public.auth_group_id_seq
    START WITH 1
    INCREMENT BY 1
    NO MINVALUE
    NO MAXVALUE
    CACHE 1
);


--
-- Name: auth_group_permissions; Type: TABLE; Schema: public; Owner: marcelo
--

CREATE TABLE public.auth_group_permissions (
    id bigint NOT NULL,
    group_id integer NOT NULL,
    permission_id integer NOT NULL
);


ALTER TABLE public.auth_group_permissions OWNER TO marcelo;

--
-- Name: auth_group_permissions_id_seq; Type: SEQUENCE; Schema: public; Owner: marcelo
--

ALTER TABLE public.auth_group_permissions ALTER COLUMN id ADD GENERATED BY DEFAULT AS IDENTITY (
    SEQUENCE NAME public.auth_group_permissions_id_seq
    START WITH 1
    INCREMENT BY 1
    NO MINVALUE
    NO MAXVALUE
    CACHE 1
);


--
-- Name: auth_permission; Type: TABLE; Schema: public; Owner: marcelo
--

CREATE TABLE public.auth_permission (
    id integer NOT NULL,
    name character varying(255) NOT NULL,
    content_type_id integer NOT NULL,
    codename character varying(100) NOT NULL
);


ALTER TABLE public.auth_permission OWNER TO marcelo;

--
-- Name: auth_permission_id_seq; Type: SEQUENCE; Schema: public; Owner: marcelo
--

ALTER TABLE public.auth_permission ALTER COLUMN id ADD GENERATED BY DEFAULT AS IDENTITY (
    SEQUENCE NAME public.auth_permission_id_seq
    START WITH 1
    INCREMENT BY 1
    NO MINVALUE
    NO MAXVALUE
    CACHE 1
);


--
-- Name: auth_user; Type: TABLE; Schema: public; Owner: marcelo
--

CREATE TABLE public.auth_user (
    id integer NOT NULL,
    password character varying(128) NOT NULL,
    last_login timestamp with time zone,
    is_superuser boolean NOT NULL,
    username character varying(150) NOT NULL,
    first_name character varying(150) NOT NULL,
    last_name character varying(150) NOT NULL,
    email character varying(254) NOT NULL,
    is_staff boolean NOT NULL,
    is_active boolean NOT NULL,
    date_joined timestamp with time zone NOT NULL
);


ALTER TABLE public.auth_user OWNER TO marcelo;

--
-- Name: auth_user_groups; Type: TABLE; Schema: public; Owner: marcelo
--

CREATE TABLE public.auth_user_groups (
    id bigint NOT NULL,
    user_id integer NOT NULL,
    group_id integer NOT NULL
);


ALTER TABLE public.auth_user_groups OWNER TO marcelo;

--
-- Name: auth_user_groups_id_seq; Type: SEQUENCE; Schema: public; Owner: marcelo
--

ALTER TABLE public.auth_user_groups ALTER COLUMN id ADD GENERATED BY DEFAULT AS IDENTITY (
    SEQUENCE NAME public.auth_user_groups_id_seq
    START WITH 1
    INCREMENT BY 1
    NO MINVALUE
    NO MAXVALUE
    CACHE 1
);


--
-- Name: auth_user_id_seq; Type: SEQUENCE; Schema: public; Owner: marcelo
--

ALTER TABLE public.auth_user ALTER COLUMN id ADD GENERATED BY DEFAULT AS IDENTITY (
    SEQUENCE NAME public.auth_user_id_seq
    START WITH 1
    INCREMENT BY 1
    NO MINVALUE
    NO MAXVALUE
    CACHE 1
);


--
-- Name: auth_user_user_permissions; Type: TABLE; Schema: public; Owner: marcelo
--

CREATE TABLE public.auth_user_user_permissions (
    id bigint NOT NULL,
    user_id integer NOT NULL,
    permission_id integer NOT NULL
);


ALTER TABLE public.auth_user_user_permissions OWNER TO marcelo;

--
-- Name: auth_user_user_permissions_id_seq; Type: SEQUENCE; Schema: public; Owner: marcelo
--

ALTER TABLE public.auth_user_user_permissions ALTER COLUMN id ADD GENERATED BY DEFAULT AS IDENTITY (
    SEQUENCE NAME public.auth_user_user_permissions_id_seq
    START WITH 1
    INCREMENT BY 1
    NO MINVALUE
    NO MAXVALUE
    CACHE 1
);


--
-- Name: django_admin_log; Type: TABLE; Schema: public; Owner: marcelo
--

CREATE TABLE public.django_admin_log (
    id integer NOT NULL,
    action_time timestamp with time zone NOT NULL,
    object_id text,
    object_repr character varying(200) NOT NULL,
    action_flag smallint NOT NULL,
    change_message text NOT NULL,
    content_type_id integer,
    user_id integer NOT NULL,
    CONSTRAINT django_admin_log_action_flag_check CHECK ((action_flag >= 0))
);


ALTER TABLE public.django_admin_log OWNER TO marcelo;

--
-- Name: django_admin_log_id_seq; Type: SEQUENCE; Schema: public; Owner: marcelo
--

ALTER TABLE public.django_admin_log ALTER COLUMN id ADD GENERATED BY DEFAULT AS IDENTITY (
    SEQUENCE NAME public.django_admin_log_id_seq
    START WITH 1
    INCREMENT BY 1
    NO MINVALUE
    NO MAXVALUE
    CACHE 1
);


--
-- Name: django_content_type; Type: TABLE; Schema: public; Owner: marcelo
--

CREATE TABLE public.django_content_type (
    id integer NOT NULL,
    app_label character varying(100) NOT NULL,
    model character varying(100) NOT NULL
);


ALTER TABLE public.django_content_type OWNER TO marcelo;

--
-- Name: django_content_type_id_seq; Type: SEQUENCE; Schema: public; Owner: marcelo
--

ALTER TABLE public.django_content_type ALTER COLUMN id ADD GENERATED BY DEFAULT AS IDENTITY (
    SEQUENCE NAME public.django_content_type_id_seq
    START WITH 1
    INCREMENT BY 1
    NO MINVALUE
    NO MAXVALUE
    CACHE 1
);


--
-- Name: django_migrations; Type: TABLE; Schema: public; Owner: marcelo
--

CREATE TABLE public.django_migrations (
    id bigint NOT NULL,
    app character varying(255) NOT NULL,
    name character varying(255) NOT NULL,
    applied timestamp with time zone NOT NULL
);


ALTER TABLE public.django_migrations OWNER TO marcelo;

--
-- Name: django_migrations_id_seq; Type: SEQUENCE; Schema: public; Owner: marcelo
--

ALTER TABLE public.django_migrations ALTER COLUMN id ADD GENERATED BY DEFAULT AS IDENTITY (
    SEQUENCE NAME public.django_migrations_id_seq
    START WITH 1
    INCREMENT BY 1
    NO MINVALUE
    NO MAXVALUE
    CACHE 1
);


--
-- Name: django_session; Type: TABLE; Schema: public; Owner: marcelo
--

CREATE TABLE public.django_session (
    session_key character varying(40) NOT NULL,
    session_data text NOT NULL,
    expire_date timestamp with time zone NOT NULL
);


ALTER TABLE public.django_session OWNER TO marcelo;

--
-- Name: store_campaign; Type: TABLE; Schema: public; Owner: marcelo
--

CREATE TABLE public.store_campaign (
    id bigint NOT NULL,
    title character varying(160) NOT NULL,
    slug character varying(160) NOT NULL,
    description text
);


ALTER TABLE public.store_campaign OWNER TO marcelo;

--
-- Name: store_campaign_categories; Type: TABLE; Schema: public; Owner: marcelo
--

CREATE TABLE public.store_campaign_categories (
    id bigint NOT NULL,
    campaign_id bigint NOT NULL,
    category_id bigint NOT NULL
);


ALTER TABLE public.store_campaign_categories OWNER TO marcelo;

--
-- Name: store_campaign_categories_id_seq; Type: SEQUENCE; Schema: public; Owner: marcelo
--

ALTER TABLE public.store_campaign_categories ALTER COLUMN id ADD GENERATED BY DEFAULT AS IDENTITY (
    SEQUENCE NAME public.store_campaign_categories_id_seq
    START WITH 1
    INCREMENT BY 1
    NO MINVALUE
    NO MAXVALUE
    CACHE 1
);


--
-- Name: store_campaign_id_seq; Type: SEQUENCE; Schema: public; Owner: marcelo
--

ALTER TABLE public.store_campaign ALTER COLUMN id ADD GENERATED BY DEFAULT AS IDENTITY (
    SEQUENCE NAME public.store_campaign_id_seq
    START WITH 1
    INCREMENT BY 1
    NO MINVALUE
    NO MAXVALUE
    CACHE 1
);


--
-- Name: store_campaign_images; Type: TABLE; Schema: public; Owner: marcelo
--

CREATE TABLE public.store_campaign_images (
    id bigint NOT NULL,
    campaign_id bigint NOT NULL,
    image_id bigint NOT NULL
);


ALTER TABLE public.store_campaign_images OWNER TO marcelo;

--
-- Name: store_campaign_images_id_seq; Type: SEQUENCE; Schema: public; Owner: marcelo
--

ALTER TABLE public.store_campaign_images ALTER COLUMN id ADD GENERATED BY DEFAULT AS IDENTITY (
    SEQUENCE NAME public.store_campaign_images_id_seq
    START WITH 1
    INCREMENT BY 1
    NO MINVALUE
    NO MAXVALUE
    CACHE 1
);


--
-- Name: store_category; Type: TABLE; Schema: public; Owner: marcelo
--

CREATE TABLE public.store_category (
    id bigint NOT NULL,
    name character varying(160) NOT NULL
);


ALTER TABLE public.store_category OWNER TO marcelo;

--
-- Name: store_category_id_seq; Type: SEQUENCE; Schema: public; Owner: marcelo
--

ALTER TABLE public.store_category ALTER COLUMN id ADD GENERATED BY DEFAULT AS IDENTITY (
    SEQUENCE NAME public.store_category_id_seq
    START WITH 1
    INCREMENT BY 1
    NO MINVALUE
    NO MAXVALUE
    CACHE 1
);


--
-- Name: store_customer; Type: TABLE; Schema: public; Owner: marcelo
--

CREATE TABLE public.store_customer (
    id bigint NOT NULL,
    name character varying(200),
    email character varying(200) NOT NULL,
    user_id integer
);


ALTER TABLE public.store_customer OWNER TO marcelo;

--
-- Name: store_customer_id_seq; Type: SEQUENCE; Schema: public; Owner: marcelo
--

ALTER TABLE public.store_customer ALTER COLUMN id ADD GENERATED BY DEFAULT AS IDENTITY (
    SEQUENCE NAME public.store_customer_id_seq
    START WITH 1
    INCREMENT BY 1
    NO MINVALUE
    NO MAXVALUE
    CACHE 1
);


--
-- Name: store_image; Type: TABLE; Schema: public; Owner: marcelo
--

CREATE TABLE public.store_image (
    id bigint NOT NULL,
    image character varying(200) NOT NULL,
    "default" boolean NOT NULL,
    name character varying(255) NOT NULL
);


ALTER TABLE public.store_image OWNER TO marcelo;

--
-- Name: store_image_id_seq; Type: SEQUENCE; Schema: public; Owner: marcelo
--

ALTER TABLE public.store_image ALTER COLUMN id ADD GENERATED BY DEFAULT AS IDENTITY (
    SEQUENCE NAME public.store_image_id_seq
    START WITH 1
    INCREMENT BY 1
    NO MINVALUE
    NO MAXVALUE
    CACHE 1
);


--
-- Name: store_product; Type: TABLE; Schema: public; Owner: marcelo
--

CREATE TABLE public.store_product (
    id bigint NOT NULL,
    title character varying(160) NOT NULL,
    description text,
    created_at timestamp with time zone NOT NULL,
    updated_at timestamp with time zone NOT NULL,
    price numeric(10,2) NOT NULL,
    brand character varying(160) NOT NULL
);


ALTER TABLE public.store_product OWNER TO marcelo;

--
-- Name: store_product_categories; Type: TABLE; Schema: public; Owner: marcelo
--

CREATE TABLE public.store_product_categories (
    id bigint NOT NULL,
    product_id bigint NOT NULL,
    category_id bigint NOT NULL
);


ALTER TABLE public.store_product_categories OWNER TO marcelo;

--
-- Name: store_product_categories_id_seq; Type: SEQUENCE; Schema: public; Owner: marcelo
--

ALTER TABLE public.store_product_categories ALTER COLUMN id ADD GENERATED BY DEFAULT AS IDENTITY (
    SEQUENCE NAME public.store_product_categories_id_seq
    START WITH 1
    INCREMENT BY 1
    NO MINVALUE
    NO MAXVALUE
    CACHE 1
);


--
-- Name: store_product_id_seq; Type: SEQUENCE; Schema: public; Owner: marcelo
--

ALTER TABLE public.store_product ALTER COLUMN id ADD GENERATED BY DEFAULT AS IDENTITY (
    SEQUENCE NAME public.store_product_id_seq
    START WITH 1
    INCREMENT BY 1
    NO MINVALUE
    NO MAXVALUE
    CACHE 1
);


--
-- Name: store_product_images; Type: TABLE; Schema: public; Owner: marcelo
--

CREATE TABLE public.store_product_images (
    id bigint NOT NULL,
    product_id bigint NOT NULL,
    image_id bigint NOT NULL
);


ALTER TABLE public.store_product_images OWNER TO marcelo;

--
-- Name: store_product_images_id_seq; Type: SEQUENCE; Schema: public; Owner: marcelo
--

ALTER TABLE public.store_product_images ALTER COLUMN id ADD GENERATED BY DEFAULT AS IDENTITY (
    SEQUENCE NAME public.store_product_images_id_seq
    START WITH 1
    INCREMENT BY 1
    NO MINVALUE
    NO MAXVALUE
    CACHE 1
);


--
-- Name: store_product_sizes; Type: TABLE; Schema: public; Owner: marcelo
--

CREATE TABLE public.store_product_sizes (
    id bigint NOT NULL,
    product_id bigint NOT NULL,
    size_id bigint NOT NULL
);


ALTER TABLE public.store_product_sizes OWNER TO marcelo;

--
-- Name: store_product_sizes_id_seq; Type: SEQUENCE; Schema: public; Owner: marcelo
--

ALTER TABLE public.store_product_sizes ALTER COLUMN id ADD GENERATED BY DEFAULT AS IDENTITY (
    SEQUENCE NAME public.store_product_sizes_id_seq
    START WITH 1
    INCREMENT BY 1
    NO MINVALUE
    NO MAXVALUE
    CACHE 1
);


--
-- Name: store_size; Type: TABLE; Schema: public; Owner: marcelo
--

CREATE TABLE public.store_size (
    id bigint NOT NULL,
    size character varying(10) NOT NULL
);


ALTER TABLE public.store_size OWNER TO marcelo;

--
-- Name: store_size_id_seq; Type: SEQUENCE; Schema: public; Owner: marcelo
--

ALTER TABLE public.store_size ALTER COLUMN id ADD GENERATED BY DEFAULT AS IDENTITY (
    SEQUENCE NAME public.store_size_id_seq
    START WITH 1
    INCREMENT BY 1
    NO MINVALUE
    NO MAXVALUE
    CACHE 1
);


--
-- Name: store_wishlist; Type: TABLE; Schema: public; Owner: marcelo
--

CREATE TABLE public.store_wishlist (
    id bigint NOT NULL,
    added_date timestamp with time zone NOT NULL,
    customer_id bigint
);


ALTER TABLE public.store_wishlist OWNER TO marcelo;

--
-- Name: store_wishlist_id_seq; Type: SEQUENCE; Schema: public; Owner: marcelo
--

ALTER TABLE public.store_wishlist ALTER COLUMN id ADD GENERATED BY DEFAULT AS IDENTITY (
    SEQUENCE NAME public.store_wishlist_id_seq
    START WITH 1
    INCREMENT BY 1
    NO MINVALUE
    NO MAXVALUE
    CACHE 1
);


--
-- Name: store_wishlist_products; Type: TABLE; Schema: public; Owner: marcelo
--

CREATE TABLE public.store_wishlist_products (
    id bigint NOT NULL,
    wishlist_id bigint NOT NULL,
    product_id bigint NOT NULL
);


ALTER TABLE public.store_wishlist_products OWNER TO marcelo;

--
-- Name: store_wishlist_product_id_seq; Type: SEQUENCE; Schema: public; Owner: marcelo
--

ALTER TABLE public.store_wishlist_products ALTER COLUMN id ADD GENERATED BY DEFAULT AS IDENTITY (
    SEQUENCE NAME public.store_wishlist_product_id_seq
    START WITH 1
    INCREMENT BY 1
    NO MINVALUE
    NO MAXVALUE
    CACHE 1
);


--
-- Data for Name: auth_group; Type: TABLE DATA; Schema: public; Owner: marcelo
--

COPY public.auth_group (id, name) FROM stdin;
\.


--
-- Data for Name: auth_group_permissions; Type: TABLE DATA; Schema: public; Owner: marcelo
--

COPY public.auth_group_permissions (id, group_id, permission_id) FROM stdin;
\.


--
-- Data for Name: auth_permission; Type: TABLE DATA; Schema: public; Owner: marcelo
--

COPY public.auth_permission (id, name, content_type_id, codename) FROM stdin;
1	Can add log entry	1	add_logentry
2	Can change log entry	1	change_logentry
3	Can delete log entry	1	delete_logentry
4	Can view log entry	1	view_logentry
5	Can add permission	2	add_permission
6	Can change permission	2	change_permission
7	Can delete permission	2	delete_permission
8	Can view permission	2	view_permission
9	Can add group	3	add_group
10	Can change group	3	change_group
11	Can delete group	3	delete_group
12	Can view group	3	view_group
13	Can add user	4	add_user
14	Can change user	4	change_user
15	Can delete user	4	delete_user
16	Can view user	4	view_user
17	Can add content type	5	add_contenttype
18	Can change content type	5	change_contenttype
19	Can delete content type	5	delete_contenttype
20	Can view content type	5	view_contenttype
21	Can add session	6	add_session
22	Can change session	6	change_session
23	Can delete session	6	delete_session
24	Can view session	6	view_session
25	Can add category	7	add_category
26	Can change category	7	change_category
27	Can delete category	7	delete_category
28	Can view category	7	view_category
29	Can add size	8	add_size
30	Can change size	8	change_size
31	Can delete size	8	delete_size
32	Can view size	8	view_size
33	Can add product	9	add_product
34	Can change product	9	change_product
35	Can delete product	9	delete_product
36	Can view product	9	view_product
37	Can add image	10	add_image
38	Can change image	10	change_image
39	Can delete image	10	delete_image
40	Can view image	10	view_image
41	Can add campaign	11	add_campaign
42	Can change campaign	11	change_campaign
43	Can delete campaign	11	delete_campaign
44	Can view campaign	11	view_campaign
45	Can add wishlist	12	add_wishlist
46	Can change wishlist	12	change_wishlist
47	Can delete wishlist	12	delete_wishlist
48	Can view wishlist	12	view_wishlist
49	Can add customer	13	add_customer
50	Can change customer	13	change_customer
51	Can delete customer	13	delete_customer
52	Can view customer	13	view_customer
\.


--
-- Data for Name: auth_user; Type: TABLE DATA; Schema: public; Owner: marcelo
--

COPY public.auth_user (id, password, last_login, is_superuser, username, first_name, last_name, email, is_staff, is_active, date_joined) FROM stdin;
1	pbkdf2_sha256$390000$COWP5bMDZ4IRh7E2xBiUGC$lEx0udJCKKQMBluEi/VnnRIa0I1u1ytVWvZhVK2UXyI=	2023-02-06 20:47:25-03	t	marcelosilva	Marcelo	Silva	mhenrique94@outlook.com	t	t	2023-02-06 20:47:09-03
2	pbkdf2_sha256$390000$D7rSw56NEx39n9h9ADmxTS$kS2bBfKygm0AAM91G+j2CeHKZ/YivR7DANoIlKL5agY=	2023-02-06 21:16:47-03	f	customerzinho	Jão	Feijão da Silva	admin@admin.eu	f	t	2023-02-06 21:15:59-03
\.


--
-- Data for Name: auth_user_groups; Type: TABLE DATA; Schema: public; Owner: marcelo
--

COPY public.auth_user_groups (id, user_id, group_id) FROM stdin;
\.


--
-- Data for Name: auth_user_user_permissions; Type: TABLE DATA; Schema: public; Owner: marcelo
--

COPY public.auth_user_user_permissions (id, user_id, permission_id) FROM stdin;
1	1	1
2	1	2
3	1	3
4	1	4
5	1	5
6	1	6
7	1	7
8	1	8
9	1	9
10	1	10
11	1	11
12	1	12
13	1	13
14	1	14
15	1	15
16	1	16
17	1	17
18	1	18
19	1	19
20	1	20
21	1	21
22	1	22
23	1	23
24	1	24
25	1	25
26	1	26
27	1	27
28	1	28
29	1	29
30	1	30
31	1	31
32	1	32
33	1	33
34	1	34
35	1	35
36	1	36
37	2	28
38	2	36
\.


--
-- Data for Name: django_admin_log; Type: TABLE DATA; Schema: public; Owner: marcelo
--

COPY public.django_admin_log (id, action_time, object_id, object_repr, action_flag, change_message, content_type_id, user_id) FROM stdin;
1	2023-02-06 20:59:26.891931-03	1	marcelosilva	2	[{"changed": {"fields": ["First name", "Last name", "User permissions"]}}]	4	1
2	2023-02-06 21:05:35.535177-03	1	Category object (1)	1	[{"added": {}}]	7	1
3	2023-02-06 21:05:52.28361-03	2	Category object (2)	1	[{"added": {}}]	7	1
4	2023-02-06 21:05:59.848293-03	3	Category object (3)	1	[{"added": {}}]	7	1
5	2023-02-06 21:06:07.79573-03	4	Category object (4)	1	[{"added": {}}]	7	1
6	2023-02-06 21:06:14.029219-03	5	Category object (5)	1	[{"added": {}}]	7	1
7	2023-02-06 21:06:21.31478-03	6	Category object (6)	1	[{"added": {}}]	7	1
8	2023-02-06 21:06:29.492734-03	7	Category object (7)	1	[{"added": {}}]	7	1
9	2023-02-06 21:06:38.806487-03	8	Category object (8)	1	[{"added": {}}]	7	1
10	2023-02-06 21:06:46.76583-03	9	Category object (9)	1	[{"added": {}}]	7	1
11	2023-02-06 21:06:53.582356-03	1	Size object (1)	1	[{"added": {}}]	8	1
12	2023-02-06 21:06:56.829848-03	2	Size object (2)	1	[{"added": {}}]	8	1
13	2023-02-06 21:07:00.503405-03	3	Size object (3)	1	[{"added": {}}]	8	1
14	2023-02-06 21:07:04.094953-03	4	Size object (4)	1	[{"added": {}}]	8	1
15	2023-02-06 21:07:19.545232-03	5	Size object (5)	1	[{"added": {}}]	8	1
16	2023-02-06 21:07:23.108029-03	6	Size object (6)	1	[{"added": {}}]	8	1
17	2023-02-06 21:07:28.526705-03	7	Size object (7)	1	[{"added": {}}]	8	1
18	2023-02-06 21:11:00.446479-03	3	Camiseta Básica Mescla	2	[{"changed": {"fields": ["Description", "Categories", "Sizes"]}}]	9	1
19	2023-02-06 21:13:18.633534-03	4	Blusa de Lã gola V	1	[{"added": {}}]	9	1
20	2023-02-06 21:14:05.635314-03	5	Bolsa Ada Toy Duca	1	[{"added": {}}]	9	1
21	2023-02-06 21:15:01.701879-03	6	TÊNIS ADIDAS ORIGINALS NMDR1 PRIMEBLUE	1	[{"added": {}}]	9	1
22	2023-02-06 21:16:00.072804-03	2	customerzinho	1	[{"added": {}}]	4	1
23	2023-02-06 21:16:49.476022-03	2	customerzinho	2	[{"changed": {"fields": ["First name", "Last name", "Email address", "User permissions", "Last login"]}}]	4	1
24	2023-02-06 21:41:17.037905-03	1	Camiseta Basica Mescla	1	[{"added": {}}]	10	1
25	2023-02-06 21:43:12.897677-03	2	Blusa V	1	[{"added": {}}]	10	1
26	2023-02-06 21:43:51.897077-03	3	ADA	1	[{"added": {}}]	10	1
27	2023-02-06 21:44:10.876698-03	4	adidas	1	[{"added": {}}]	10	1
28	2023-02-06 22:44:54.126064-03	6	TÊNIS ADIDAS ORIGINALS NMDR1 PRIMEBLUE	2	[]	9	1
29	2023-02-06 22:45:34.535582-03	6	TÊNIS ADIDAS ORIGINALS NMDR1 PRIMEBLUE	2	[{"changed": {"fields": ["Sizes"]}}]	9	1
30	2023-02-06 23:38:35.743265-03	6	TÊNIS ADIDAS ORIGINALS NMDR1 PRIMEBLUE	2	[{"changed": {"fields": ["Images"]}}]	9	1
31	2023-02-07 09:34:13.04339-03	4	adidas	2	[{"changed": {"fields": ["Image"]}}]	10	1
32	2023-02-07 09:41:18.95975-03	4	adidas	2	[{"changed": {"fields": ["Name"]}}]	10	1
33	2023-02-07 09:41:54.213589-03	3	Bolsa Colcci	2	[{"changed": {"fields": ["Name", "Image"]}}]	10	1
34	2023-02-07 09:42:10.546615-03	3	Bolsa Chanel	2	[{"changed": {"fields": ["Name"]}}]	10	1
35	2023-02-07 09:42:31.090768-03	2	Bolsa Colcci	2	[{"changed": {"fields": ["Name", "Image"]}}]	10	1
36	2023-02-07 09:43:00.40175-03	1	Bolsa Colcci	2	[{"changed": {"fields": ["Name", "Image"]}}]	10	1
37	2023-02-07 09:43:24.962857-03	5	Blusa Gola V	1	[{"added": {}}]	10	1
38	2023-02-07 09:43:44.954319-03	6	Blusa Gola V	1	[{"added": {}}]	10	1
39	2023-02-07 09:44:04.208538-03	7	top Verão	1	[{"added": {}}]	10	1
40	2023-02-07 09:44:20.966212-03	8	top Verão	1	[{"added": {}}]	10	1
41	2023-02-07 09:44:39.89563-03	9	Bolsa Chanel	1	[{"added": {}}]	10	1
42	2023-02-07 09:44:56.854493-03	10	Bolsa Chanel	1	[{"added": {}}]	10	1
43	2023-02-07 09:45:13.376368-03	11	adidas	1	[{"added": {}}]	10	1
44	2023-02-07 09:45:39.278637-03	12	puma	1	[{"added": {}}]	10	1
45	2023-02-07 09:45:50.99612-03	13	puma	1	[{"added": {}}]	10	1
46	2023-02-07 09:46:15.940923-03	14	Camiseta Basica Mescla	1	[{"added": {}}]	10	1
47	2023-02-07 09:46:27.231798-03	15	Camiseta Basica Mescla	1	[{"added": {}}]	10	1
48	2023-02-07 09:47:01.133227-03	6	TÊNIS ADIDAS ORIGINALS NMDR1 PRIMEBLUE	2	[{"changed": {"fields": ["Images"]}}]	9	1
49	2023-02-07 09:47:09.618079-03	5	Bolsa Ada Toy Duca	2	[{"changed": {"fields": ["Images"]}}]	9	1
50	2023-02-07 09:47:24.489259-03	4	Blusa de Lã gola V	2	[{"changed": {"fields": ["Images"]}}]	9	1
51	2023-02-07 09:47:48.022161-03	3	Camiseta Básica Mescla	2	[{"changed": {"fields": ["Sizes", "Images"]}}]	9	1
52	2023-02-07 09:53:50.641886-03	1	Bolsa Colcci	2	[{"changed": {"fields": ["Image"]}}]	10	1
53	2023-02-07 09:54:14.047484-03	2	Bolsa Colcci	2	[{"changed": {"fields": ["Image"]}}]	10	1
54	2023-02-07 09:54:44.552633-03	11	adidas	2	[{"changed": {"fields": ["Image"]}}]	10	1
55	2023-02-07 10:47:24.317235-03	1	Marcelo	1	[{"added": {}}]	13	1
56	2023-02-07 10:54:31.5939-03	2	Wishlist object (2)	1	[{"added": {}}]	12	1
57	2023-02-07 17:12:04.997071-03	16	Conjunto	1	[{"added": {}}]	10	1
58	2023-02-07 17:13:15.863101-03	7	Conjunto de bermuda e camiseta	1	[{"added": {}}]	9	1
59	2023-02-07 17:15:52.570816-03	6	Blusa Gola V	2	[{"changed": {"fields": ["Image", "Default"]}}]	10	1
60	2023-02-07 17:16:25.544138-03	5	Blusa Gola V	2	[{"changed": {"fields": ["Image"]}}]	10	1
61	2023-02-07 17:16:54.124739-03	15	Camiseta Basica Mescla	2	[{"changed": {"fields": ["Image"]}}]	10	1
62	2023-02-07 17:17:11.334201-03	14	Camiseta Basica Mescla	2	[{"changed": {"fields": ["Image"]}}]	10	1
63	2023-02-07 17:18:02.149116-03	4	adidas	2	[{"changed": {"fields": ["Image"]}}]	10	1
64	2023-02-07 17:19:02.708761-03	8	Tenis Puma Unisex	1	[{"added": {}}]	9	1
65	2023-02-07 17:20:01.313217-03	13	puma	2	[{"changed": {"fields": ["Image"]}}]	10	1
66	2023-02-07 17:20:18.069796-03	12	puma	2	[{"changed": {"fields": ["Image"]}}]	10	1
\.


--
-- Data for Name: django_content_type; Type: TABLE DATA; Schema: public; Owner: marcelo
--

COPY public.django_content_type (id, app_label, model) FROM stdin;
1	admin	logentry
2	auth	permission
3	auth	group
4	auth	user
5	contenttypes	contenttype
6	sessions	session
7	store	category
8	store	size
9	store	product
10	store	image
11	store	campaign
12	store	wishlist
13	store	customer
\.


--
-- Data for Name: django_migrations; Type: TABLE DATA; Schema: public; Owner: marcelo
--

COPY public.django_migrations (id, app, name, applied) FROM stdin;
1	contenttypes	0001_initial	2023-02-06 19:35:41.593209-03
2	auth	0001_initial	2023-02-06 19:35:41.645936-03
3	admin	0001_initial	2023-02-06 19:35:41.660657-03
4	admin	0002_logentry_remove_auto_add	2023-02-06 19:35:41.66735-03
5	admin	0003_logentry_add_action_flag_choices	2023-02-06 19:35:41.675327-03
6	contenttypes	0002_remove_content_type_name	2023-02-06 19:35:41.686864-03
7	auth	0002_alter_permission_name_max_length	2023-02-06 19:35:41.694088-03
8	auth	0003_alter_user_email_max_length	2023-02-06 19:35:41.701222-03
9	auth	0004_alter_user_username_opts	2023-02-06 19:35:41.707592-03
10	auth	0005_alter_user_last_login_null	2023-02-06 19:35:41.71449-03
11	auth	0006_require_contenttypes_0002	2023-02-06 19:35:41.716223-03
12	auth	0007_alter_validators_add_error_messages	2023-02-06 19:35:41.722256-03
13	auth	0008_alter_user_username_max_length	2023-02-06 19:35:41.732233-03
14	auth	0009_alter_user_last_name_max_length	2023-02-06 19:35:41.7414-03
15	auth	0010_alter_group_name_max_length	2023-02-06 19:35:41.749244-03
16	auth	0011_update_proxy_permissions	2023-02-06 19:35:41.754888-03
17	auth	0012_alter_user_first_name_max_length	2023-02-06 19:35:41.762186-03
18	sessions	0001_initial	2023-02-06 19:35:41.769238-03
19	store	0001_initial	2023-02-06 19:35:41.7955-03
20	store	0002_remove_product_images_image	2023-02-06 21:39:21.499894-03
21	store	0003_remove_image_product_product_images	2023-02-06 23:37:54.820911-03
22	store	0004_alter_image_image	2023-02-07 09:24:37.082204-03
23	store	0005_remove_image_name	2023-02-07 09:36:32.286351-03
24	store	0006_image_name	2023-02-07 09:40:55.167806-03
25	store	0007_campaign	2023-02-07 10:19:30.794126-03
26	store	0008_wishlist_customer	2023-02-07 10:39:07.844885-03
27	store	0009_remove_wishlist_product_wishlist_product	2023-02-07 10:44:47.998615-03
28	store	0010_remove_wishlist_slug_wishlist_customer	2023-02-07 10:53:44.44416-03
29	store	0011_rename_product_wishlist_products	2023-02-07 11:05:31.230444-03
\.


--
-- Data for Name: django_session; Type: TABLE DATA; Schema: public; Owner: marcelo
--

COPY public.django_session (session_key, session_data, expire_date) FROM stdin;
q6gx4t4e534ley8m7bmgke234s651miy	.eJxVjEEOwiAQRe_C2hCw0AGX7nsGMjCDVA0kpV0Z765NutDtf-_9lwi4rSVsnZcwk7gILU6_W8T04LoDumO9NZlaXZc5yl2RB-1yasTP6-H-HRTs5VtjcuOQtIWRgA2wZ5utz-psXDaakGBQHnJk7TM4wkxGRWPQe2DNkcX7A-yoOIY:1pPBCn:3S0E-jzdzP2fVO5VeOvpy6wX6-ACZaK--CUB8bFFg8k	2023-02-20 20:47:25.032035-03
\.


--
-- Data for Name: store_campaign; Type: TABLE DATA; Schema: public; Owner: marcelo
--

COPY public.store_campaign (id, title, slug, description) FROM stdin;
\.


--
-- Data for Name: store_campaign_categories; Type: TABLE DATA; Schema: public; Owner: marcelo
--

COPY public.store_campaign_categories (id, campaign_id, category_id) FROM stdin;
\.


--
-- Data for Name: store_campaign_images; Type: TABLE DATA; Schema: public; Owner: marcelo
--

COPY public.store_campaign_images (id, campaign_id, image_id) FROM stdin;
\.


--
-- Data for Name: store_category; Type: TABLE DATA; Schema: public; Owner: marcelo
--

COPY public.store_category (id, name) FROM stdin;
1	Bolsas
2	Calçados
3	Calças
4	Camisetas
5	Combos
6	Outlet
7	Roupas
8	Roupas masculinas
9	Roupas femininas
\.


--
-- Data for Name: store_customer; Type: TABLE DATA; Schema: public; Owner: marcelo
--

COPY public.store_customer (id, name, email, user_id) FROM stdin;
1	Marcelo	mhenrique94@outlook.com	1
\.


--
-- Data for Name: store_image; Type: TABLE DATA; Schema: public; Owner: marcelo
--

COPY public.store_image (id, image, "default", name) FROM stdin;
3	https://ibb.co/X8TNmW6	t	Bolsa Chanel
7	https://ibb.co/1TkW5HN	t	top Verão
8	https://ibb.co/cYt8Lhc	f	top Verão
9	https://ibb.co/s2R92Hk	f	Bolsa Chanel
10	https://ibb.co/XXsBDJ4	f	Bolsa Chanel
1	https://i.ibb.co/QdGzsJh/8ae22123b14437d8b3fa5a5ff527f827-a5031d62a8.png	t	Bolsa Colcci
2	https://i.ibb.co/Bt32tNd/cbba44d186fe18bdbf93ff84afb26ea6-b2f9b0ee9d.png	t	Bolsa Colcci
11	https://i.ibb.co/f9mf5Lp/puma-tenis-puma-x-ray-game-bdp-branco-5847-7099608-1-zoom-b8f2243ecc.webp	f	adidas
16	https://i.ibb.co/SrGZTzs/D-NQ-NP-872688-MLB-44687986166-012021-O-279130e9dd.webp	t	Conjunto
6	https://i.ibb.co/QJ1C3vp/x1af024ros-5c21572c26.webp	t	Blusa Gola V
5	https://i.ibb.co/28hCCFV/x1af024ros-costas-117febc7c6.webp	t	Blusa Gola V
15	https://i.ibb.co/cD4Cxp3/camiseta-mescla-d1b37bbf2f.webp	f	Camiseta Basica Mescla
14	https://i.ibb.co/yNkwgWK/costas-mescla-d90cce08c9.webp	t	Camiseta Basica Mescla
4	https://i.ibb.co/mFHrs3R/Puma-Tenis-Puma-X-Ray-Game-BDP-Branco-5864-7099608-4-zoom-f1ed06689b.webp	t	adidas
13	https://i.ibb.co/NnYGDtS/adidas-Originals-Tenis-adidas-Originals-Nmdr1-Primeblue-Preto-2139-1073609-4-zoom-6625fbf76b.webp	f	puma
12	https://i.ibb.co/qr9p7Tg/adidas-Originals-Tenis-adidas-Originals-Nmdr1-Primeblue-Preto-8907-1073609-2-zoom-7b4557a910.webp	t	puma
\.


--
-- Data for Name: store_product; Type: TABLE DATA; Schema: public; Owner: marcelo
--

COPY public.store_product (id, title, description, created_at, updated_at, price, brand) FROM stdin;
7	Conjunto de bermuda e camiseta	Só para baixinhos	2023-02-07 17:13:15.85031-03	2023-02-07 17:13:15.850339-03	175.90	Rappyly
8	Tenis Puma Unisex	É um tenis, é da Puma	2023-02-07 17:19:02.696639-03	2023-02-07 17:19:02.696664-03	499.90	Puma
6	TÊNIS ADIDAS ORIGINALS NMDR1 PRIMEBLUE	DETALHES DO PRODUTO\r\nBico: Redondo\r\n\r\nTecnologia: BOOST™: Cápsulas especiais que promovem alto retorno de energia e um amortecimento extremamente macio.\r\nPossui cabedal em malha macia, amortecimento boost e entressola texturizada com presença. Feito com Primeblue, um material reciclado que contém Parley Ocean Plastic. 50% do cabedal é têxtil, com 75% do tecido produzido com fios Primeblue	2023-02-06 21:15:01.691996-03	2023-02-06 21:15:01.692017-03	799.99	ADIDAS
5	Bolsa Ada Toy Duca	Combinação de elegância e a versatilidade juntas, a Bolsa Ada Catena Shoulder pode ser usada com dupla função: alça clássica de corrente dourada removível ou com alça em Couro, que confere à bolsa, o estilo casual. Possui espaço interno adaptado para smartphone. Com sofisticada combinação de cores, a coleção Duca é apresentada em Couro de altíssima qualidade que recebe tratamento alternativo de curtimento com ceras naturais, preservando as suas características e a “flor do Couro”. O detalhe do pesponto em Couro é totalmente manual, realçando a qualidade e o extenso trabalho artesanal.	2023-02-06 21:14:05.626778-03	2023-02-06 21:14:05.626804-03	1598.00	Chanel
4	Blusa de Lã gola V	Detalhes do Produto\r\nBlusa produzida por Gogocloset\r\nColeção inverno 2022\r\nGola V\r\nManga Longa\r\n\r\nTamanho e Ajuste\r\nModelagem: Reta\r\nOcasião de uso: Casual\r\n\r\nCuide de Mim\r\nLavagem à maquina de acordo com as instruções na etiqueta de cuidados. \r\n\r\nSobre Mim\r\nBlusa macia, de tecido 96% poliéster e 4% Elastano, com fio de qualidade, desenvolvida e produzida com muito carinho.	2023-02-06 21:13:18.624604-03	2023-02-06 21:13:18.624628-03	69.90	GoGoCloset
3	Camiseta Básica Mescla	Detalhes do Produto\\nCamiseta produzida por Gogocloset\\nColeção verão 2022-2023\\nGola Redonda\\nMangas curtas\\nSem estampa\\n\\n\\nTamanho e Ajuste\\nModelagem: Reta\\nOcasião de uso: Casual\\n\\nCuide de Mim\\nLavagem à maquina de acordo com as instruções na etiqueta de cuidados. \\nAs peças podem apresentar encolhimento de até 5% após a primeira lavagem.\\n\\nSobre Mim\\nCamiseta macia, de tecido de algodão, com fio de qualidade, desenvolvida e produzida com muito carinho.\\nComposição: 88% Algodão 12% Poliéster (Mescla)\\nTipo de tecido: Meia malha	2023-02-01 20:31:09.978-03	2023-02-01 20:42:42.701-03	29.90	GoGoCloset
\.


--
-- Data for Name: store_product_categories; Type: TABLE DATA; Schema: public; Owner: marcelo
--

COPY public.store_product_categories (id, product_id, category_id) FROM stdin;
1	3	8
2	3	7
3	4	9
4	4	7
5	5	1
6	5	6
7	6	2
8	7	8
9	7	9
10	7	5
11	7	7
12	8	2
13	8	6
\.


--
-- Data for Name: store_product_images; Type: TABLE DATA; Schema: public; Owner: marcelo
--

COPY public.store_product_images (id, product_id, image_id) FROM stdin;
1	6	4
2	6	11
3	5	1
4	5	2
5	4	5
6	4	6
7	3	14
8	3	15
9	7	16
10	8	12
11	8	13
\.


--
-- Data for Name: store_product_sizes; Type: TABLE DATA; Schema: public; Owner: marcelo
--

COPY public.store_product_sizes (id, product_id, size_id) FROM stdin;
1	3	1
2	3	2
3	3	3
4	3	4
7	4	1
8	4	3
9	4	4
10	5	7
11	6	6
12	6	5
13	7	1
14	7	3
15	7	4
16	8	5
17	8	6
\.


--
-- Data for Name: store_size; Type: TABLE DATA; Schema: public; Owner: marcelo
--

COPY public.store_size (id, size) FROM stdin;
1	M
2	G
3	PP
4	P
5	35
6	44
7	Único
\.


--
-- Data for Name: store_wishlist; Type: TABLE DATA; Schema: public; Owner: marcelo
--

COPY public.store_wishlist (id, added_date, customer_id) FROM stdin;
2	2023-02-07 10:54:31.588766-03	1
\.


--
-- Data for Name: store_wishlist_products; Type: TABLE DATA; Schema: public; Owner: marcelo
--

COPY public.store_wishlist_products (id, wishlist_id, product_id) FROM stdin;
3	2	3
4	2	5
\.


--
-- Name: auth_group_id_seq; Type: SEQUENCE SET; Schema: public; Owner: marcelo
--

SELECT pg_catalog.setval('public.auth_group_id_seq', 1, false);


--
-- Name: auth_group_permissions_id_seq; Type: SEQUENCE SET; Schema: public; Owner: marcelo
--

SELECT pg_catalog.setval('public.auth_group_permissions_id_seq', 1, false);


--
-- Name: auth_permission_id_seq; Type: SEQUENCE SET; Schema: public; Owner: marcelo
--

SELECT pg_catalog.setval('public.auth_permission_id_seq', 52, true);


--
-- Name: auth_user_groups_id_seq; Type: SEQUENCE SET; Schema: public; Owner: marcelo
--

SELECT pg_catalog.setval('public.auth_user_groups_id_seq', 1, false);


--
-- Name: auth_user_id_seq; Type: SEQUENCE SET; Schema: public; Owner: marcelo
--

SELECT pg_catalog.setval('public.auth_user_id_seq', 2, true);


--
-- Name: auth_user_user_permissions_id_seq; Type: SEQUENCE SET; Schema: public; Owner: marcelo
--

SELECT pg_catalog.setval('public.auth_user_user_permissions_id_seq', 38, true);


--
-- Name: django_admin_log_id_seq; Type: SEQUENCE SET; Schema: public; Owner: marcelo
--

SELECT pg_catalog.setval('public.django_admin_log_id_seq', 66, true);


--
-- Name: django_content_type_id_seq; Type: SEQUENCE SET; Schema: public; Owner: marcelo
--

SELECT pg_catalog.setval('public.django_content_type_id_seq', 13, true);


--
-- Name: django_migrations_id_seq; Type: SEQUENCE SET; Schema: public; Owner: marcelo
--

SELECT pg_catalog.setval('public.django_migrations_id_seq', 29, true);


--
-- Name: store_campaign_categories_id_seq; Type: SEQUENCE SET; Schema: public; Owner: marcelo
--

SELECT pg_catalog.setval('public.store_campaign_categories_id_seq', 1, false);


--
-- Name: store_campaign_id_seq; Type: SEQUENCE SET; Schema: public; Owner: marcelo
--

SELECT pg_catalog.setval('public.store_campaign_id_seq', 1, false);


--
-- Name: store_campaign_images_id_seq; Type: SEQUENCE SET; Schema: public; Owner: marcelo
--

SELECT pg_catalog.setval('public.store_campaign_images_id_seq', 1, false);


--
-- Name: store_category_id_seq; Type: SEQUENCE SET; Schema: public; Owner: marcelo
--

SELECT pg_catalog.setval('public.store_category_id_seq', 9, true);


--
-- Name: store_customer_id_seq; Type: SEQUENCE SET; Schema: public; Owner: marcelo
--

SELECT pg_catalog.setval('public.store_customer_id_seq', 1, true);


--
-- Name: store_image_id_seq; Type: SEQUENCE SET; Schema: public; Owner: marcelo
--

SELECT pg_catalog.setval('public.store_image_id_seq', 16, true);


--
-- Name: store_product_categories_id_seq; Type: SEQUENCE SET; Schema: public; Owner: marcelo
--

SELECT pg_catalog.setval('public.store_product_categories_id_seq', 13, true);


--
-- Name: store_product_id_seq; Type: SEQUENCE SET; Schema: public; Owner: marcelo
--

SELECT pg_catalog.setval('public.store_product_id_seq', 8, true);


--
-- Name: store_product_images_id_seq; Type: SEQUENCE SET; Schema: public; Owner: marcelo
--

SELECT pg_catalog.setval('public.store_product_images_id_seq', 11, true);


--
-- Name: store_product_sizes_id_seq; Type: SEQUENCE SET; Schema: public; Owner: marcelo
--

SELECT pg_catalog.setval('public.store_product_sizes_id_seq', 17, true);


--
-- Name: store_size_id_seq; Type: SEQUENCE SET; Schema: public; Owner: marcelo
--

SELECT pg_catalog.setval('public.store_size_id_seq', 7, true);


--
-- Name: store_wishlist_id_seq; Type: SEQUENCE SET; Schema: public; Owner: marcelo
--

SELECT pg_catalog.setval('public.store_wishlist_id_seq', 2, true);


--
-- Name: store_wishlist_product_id_seq; Type: SEQUENCE SET; Schema: public; Owner: marcelo
--

SELECT pg_catalog.setval('public.store_wishlist_product_id_seq', 4, true);


--
-- Name: auth_group auth_group_name_key; Type: CONSTRAINT; Schema: public; Owner: marcelo
--

ALTER TABLE ONLY public.auth_group
    ADD CONSTRAINT auth_group_name_key UNIQUE (name);


--
-- Name: auth_group_permissions auth_group_permissions_group_id_permission_id_0cd325b0_uniq; Type: CONSTRAINT; Schema: public; Owner: marcelo
--

ALTER TABLE ONLY public.auth_group_permissions
    ADD CONSTRAINT auth_group_permissions_group_id_permission_id_0cd325b0_uniq UNIQUE (group_id, permission_id);


--
-- Name: auth_group_permissions auth_group_permissions_pkey; Type: CONSTRAINT; Schema: public; Owner: marcelo
--

ALTER TABLE ONLY public.auth_group_permissions
    ADD CONSTRAINT auth_group_permissions_pkey PRIMARY KEY (id);


--
-- Name: auth_group auth_group_pkey; Type: CONSTRAINT; Schema: public; Owner: marcelo
--

ALTER TABLE ONLY public.auth_group
    ADD CONSTRAINT auth_group_pkey PRIMARY KEY (id);


--
-- Name: auth_permission auth_permission_content_type_id_codename_01ab375a_uniq; Type: CONSTRAINT; Schema: public; Owner: marcelo
--

ALTER TABLE ONLY public.auth_permission
    ADD CONSTRAINT auth_permission_content_type_id_codename_01ab375a_uniq UNIQUE (content_type_id, codename);


--
-- Name: auth_permission auth_permission_pkey; Type: CONSTRAINT; Schema: public; Owner: marcelo
--

ALTER TABLE ONLY public.auth_permission
    ADD CONSTRAINT auth_permission_pkey PRIMARY KEY (id);


--
-- Name: auth_user_groups auth_user_groups_pkey; Type: CONSTRAINT; Schema: public; Owner: marcelo
--

ALTER TABLE ONLY public.auth_user_groups
    ADD CONSTRAINT auth_user_groups_pkey PRIMARY KEY (id);


--
-- Name: auth_user_groups auth_user_groups_user_id_group_id_94350c0c_uniq; Type: CONSTRAINT; Schema: public; Owner: marcelo
--

ALTER TABLE ONLY public.auth_user_groups
    ADD CONSTRAINT auth_user_groups_user_id_group_id_94350c0c_uniq UNIQUE (user_id, group_id);


--
-- Name: auth_user auth_user_pkey; Type: CONSTRAINT; Schema: public; Owner: marcelo
--

ALTER TABLE ONLY public.auth_user
    ADD CONSTRAINT auth_user_pkey PRIMARY KEY (id);


--
-- Name: auth_user_user_permissions auth_user_user_permissions_pkey; Type: CONSTRAINT; Schema: public; Owner: marcelo
--

ALTER TABLE ONLY public.auth_user_user_permissions
    ADD CONSTRAINT auth_user_user_permissions_pkey PRIMARY KEY (id);


--
-- Name: auth_user_user_permissions auth_user_user_permissions_user_id_permission_id_14a6b632_uniq; Type: CONSTRAINT; Schema: public; Owner: marcelo
--

ALTER TABLE ONLY public.auth_user_user_permissions
    ADD CONSTRAINT auth_user_user_permissions_user_id_permission_id_14a6b632_uniq UNIQUE (user_id, permission_id);


--
-- Name: auth_user auth_user_username_key; Type: CONSTRAINT; Schema: public; Owner: marcelo
--

ALTER TABLE ONLY public.auth_user
    ADD CONSTRAINT auth_user_username_key UNIQUE (username);


--
-- Name: django_admin_log django_admin_log_pkey; Type: CONSTRAINT; Schema: public; Owner: marcelo
--

ALTER TABLE ONLY public.django_admin_log
    ADD CONSTRAINT django_admin_log_pkey PRIMARY KEY (id);


--
-- Name: django_content_type django_content_type_app_label_model_76bd3d3b_uniq; Type: CONSTRAINT; Schema: public; Owner: marcelo
--

ALTER TABLE ONLY public.django_content_type
    ADD CONSTRAINT django_content_type_app_label_model_76bd3d3b_uniq UNIQUE (app_label, model);


--
-- Name: django_content_type django_content_type_pkey; Type: CONSTRAINT; Schema: public; Owner: marcelo
--

ALTER TABLE ONLY public.django_content_type
    ADD CONSTRAINT django_content_type_pkey PRIMARY KEY (id);


--
-- Name: django_migrations django_migrations_pkey; Type: CONSTRAINT; Schema: public; Owner: marcelo
--

ALTER TABLE ONLY public.django_migrations
    ADD CONSTRAINT django_migrations_pkey PRIMARY KEY (id);


--
-- Name: django_session django_session_pkey; Type: CONSTRAINT; Schema: public; Owner: marcelo
--

ALTER TABLE ONLY public.django_session
    ADD CONSTRAINT django_session_pkey PRIMARY KEY (session_key);


--
-- Name: store_campaign_categories store_campaign_categories_campaign_id_category_id_cebfed29_uniq; Type: CONSTRAINT; Schema: public; Owner: marcelo
--

ALTER TABLE ONLY public.store_campaign_categories
    ADD CONSTRAINT store_campaign_categories_campaign_id_category_id_cebfed29_uniq UNIQUE (campaign_id, category_id);


--
-- Name: store_campaign_categories store_campaign_categories_pkey; Type: CONSTRAINT; Schema: public; Owner: marcelo
--

ALTER TABLE ONLY public.store_campaign_categories
    ADD CONSTRAINT store_campaign_categories_pkey PRIMARY KEY (id);


--
-- Name: store_campaign_images store_campaign_images_campaign_id_image_id_2a28d7ee_uniq; Type: CONSTRAINT; Schema: public; Owner: marcelo
--

ALTER TABLE ONLY public.store_campaign_images
    ADD CONSTRAINT store_campaign_images_campaign_id_image_id_2a28d7ee_uniq UNIQUE (campaign_id, image_id);


--
-- Name: store_campaign_images store_campaign_images_pkey; Type: CONSTRAINT; Schema: public; Owner: marcelo
--

ALTER TABLE ONLY public.store_campaign_images
    ADD CONSTRAINT store_campaign_images_pkey PRIMARY KEY (id);


--
-- Name: store_campaign store_campaign_pkey; Type: CONSTRAINT; Schema: public; Owner: marcelo
--

ALTER TABLE ONLY public.store_campaign
    ADD CONSTRAINT store_campaign_pkey PRIMARY KEY (id);


--
-- Name: store_category store_category_pkey; Type: CONSTRAINT; Schema: public; Owner: marcelo
--

ALTER TABLE ONLY public.store_category
    ADD CONSTRAINT store_category_pkey PRIMARY KEY (id);


--
-- Name: store_customer store_customer_pkey; Type: CONSTRAINT; Schema: public; Owner: marcelo
--

ALTER TABLE ONLY public.store_customer
    ADD CONSTRAINT store_customer_pkey PRIMARY KEY (id);


--
-- Name: store_customer store_customer_user_id_key; Type: CONSTRAINT; Schema: public; Owner: marcelo
--

ALTER TABLE ONLY public.store_customer
    ADD CONSTRAINT store_customer_user_id_key UNIQUE (user_id);


--
-- Name: store_image store_image_pkey; Type: CONSTRAINT; Schema: public; Owner: marcelo
--

ALTER TABLE ONLY public.store_image
    ADD CONSTRAINT store_image_pkey PRIMARY KEY (id);


--
-- Name: store_product_categories store_product_categories_pkey; Type: CONSTRAINT; Schema: public; Owner: marcelo
--

ALTER TABLE ONLY public.store_product_categories
    ADD CONSTRAINT store_product_categories_pkey PRIMARY KEY (id);


--
-- Name: store_product_categories store_product_categories_product_id_category_id_fe62df28_uniq; Type: CONSTRAINT; Schema: public; Owner: marcelo
--

ALTER TABLE ONLY public.store_product_categories
    ADD CONSTRAINT store_product_categories_product_id_category_id_fe62df28_uniq UNIQUE (product_id, category_id);


--
-- Name: store_product_images store_product_images_pkey; Type: CONSTRAINT; Schema: public; Owner: marcelo
--

ALTER TABLE ONLY public.store_product_images
    ADD CONSTRAINT store_product_images_pkey PRIMARY KEY (id);


--
-- Name: store_product_images store_product_images_product_id_image_id_9e688fdd_uniq; Type: CONSTRAINT; Schema: public; Owner: marcelo
--

ALTER TABLE ONLY public.store_product_images
    ADD CONSTRAINT store_product_images_product_id_image_id_9e688fdd_uniq UNIQUE (product_id, image_id);


--
-- Name: store_product store_product_pkey; Type: CONSTRAINT; Schema: public; Owner: marcelo
--

ALTER TABLE ONLY public.store_product
    ADD CONSTRAINT store_product_pkey PRIMARY KEY (id);


--
-- Name: store_product_sizes store_product_sizes_pkey; Type: CONSTRAINT; Schema: public; Owner: marcelo
--

ALTER TABLE ONLY public.store_product_sizes
    ADD CONSTRAINT store_product_sizes_pkey PRIMARY KEY (id);


--
-- Name: store_product_sizes store_product_sizes_product_id_size_id_ae970894_uniq; Type: CONSTRAINT; Schema: public; Owner: marcelo
--

ALTER TABLE ONLY public.store_product_sizes
    ADD CONSTRAINT store_product_sizes_product_id_size_id_ae970894_uniq UNIQUE (product_id, size_id);


--
-- Name: store_size store_size_pkey; Type: CONSTRAINT; Schema: public; Owner: marcelo
--

ALTER TABLE ONLY public.store_size
    ADD CONSTRAINT store_size_pkey PRIMARY KEY (id);


--
-- Name: store_wishlist store_wishlist_customer_id_key; Type: CONSTRAINT; Schema: public; Owner: marcelo
--

ALTER TABLE ONLY public.store_wishlist
    ADD CONSTRAINT store_wishlist_customer_id_key UNIQUE (customer_id);


--
-- Name: store_wishlist store_wishlist_pkey; Type: CONSTRAINT; Schema: public; Owner: marcelo
--

ALTER TABLE ONLY public.store_wishlist
    ADD CONSTRAINT store_wishlist_pkey PRIMARY KEY (id);


--
-- Name: store_wishlist_products store_wishlist_product_pkey; Type: CONSTRAINT; Schema: public; Owner: marcelo
--

ALTER TABLE ONLY public.store_wishlist_products
    ADD CONSTRAINT store_wishlist_product_pkey PRIMARY KEY (id);


--
-- Name: store_wishlist_products store_wishlist_product_wishlist_id_product_id_3ba030e2_uniq; Type: CONSTRAINT; Schema: public; Owner: marcelo
--

ALTER TABLE ONLY public.store_wishlist_products
    ADD CONSTRAINT store_wishlist_product_wishlist_id_product_id_3ba030e2_uniq UNIQUE (wishlist_id, product_id);


--
-- Name: auth_group_name_a6ea08ec_like; Type: INDEX; Schema: public; Owner: marcelo
--

CREATE INDEX auth_group_name_a6ea08ec_like ON public.auth_group USING btree (name varchar_pattern_ops);


--
-- Name: auth_group_permissions_group_id_b120cbf9; Type: INDEX; Schema: public; Owner: marcelo
--

CREATE INDEX auth_group_permissions_group_id_b120cbf9 ON public.auth_group_permissions USING btree (group_id);


--
-- Name: auth_group_permissions_permission_id_84c5c92e; Type: INDEX; Schema: public; Owner: marcelo
--

CREATE INDEX auth_group_permissions_permission_id_84c5c92e ON public.auth_group_permissions USING btree (permission_id);


--
-- Name: auth_permission_content_type_id_2f476e4b; Type: INDEX; Schema: public; Owner: marcelo
--

CREATE INDEX auth_permission_content_type_id_2f476e4b ON public.auth_permission USING btree (content_type_id);


--
-- Name: auth_user_groups_group_id_97559544; Type: INDEX; Schema: public; Owner: marcelo
--

CREATE INDEX auth_user_groups_group_id_97559544 ON public.auth_user_groups USING btree (group_id);


--
-- Name: auth_user_groups_user_id_6a12ed8b; Type: INDEX; Schema: public; Owner: marcelo
--

CREATE INDEX auth_user_groups_user_id_6a12ed8b ON public.auth_user_groups USING btree (user_id);


--
-- Name: auth_user_user_permissions_permission_id_1fbb5f2c; Type: INDEX; Schema: public; Owner: marcelo
--

CREATE INDEX auth_user_user_permissions_permission_id_1fbb5f2c ON public.auth_user_user_permissions USING btree (permission_id);


--
-- Name: auth_user_user_permissions_user_id_a95ead1b; Type: INDEX; Schema: public; Owner: marcelo
--

CREATE INDEX auth_user_user_permissions_user_id_a95ead1b ON public.auth_user_user_permissions USING btree (user_id);


--
-- Name: auth_user_username_6821ab7c_like; Type: INDEX; Schema: public; Owner: marcelo
--

CREATE INDEX auth_user_username_6821ab7c_like ON public.auth_user USING btree (username varchar_pattern_ops);


--
-- Name: django_admin_log_content_type_id_c4bce8eb; Type: INDEX; Schema: public; Owner: marcelo
--

CREATE INDEX django_admin_log_content_type_id_c4bce8eb ON public.django_admin_log USING btree (content_type_id);


--
-- Name: django_admin_log_user_id_c564eba6; Type: INDEX; Schema: public; Owner: marcelo
--

CREATE INDEX django_admin_log_user_id_c564eba6 ON public.django_admin_log USING btree (user_id);


--
-- Name: django_session_expire_date_a5c62663; Type: INDEX; Schema: public; Owner: marcelo
--

CREATE INDEX django_session_expire_date_a5c62663 ON public.django_session USING btree (expire_date);


--
-- Name: django_session_session_key_c0390e0f_like; Type: INDEX; Schema: public; Owner: marcelo
--

CREATE INDEX django_session_session_key_c0390e0f_like ON public.django_session USING btree (session_key varchar_pattern_ops);


--
-- Name: store_campaign_categories_campaign_id_723acf29; Type: INDEX; Schema: public; Owner: marcelo
--

CREATE INDEX store_campaign_categories_campaign_id_723acf29 ON public.store_campaign_categories USING btree (campaign_id);


--
-- Name: store_campaign_categories_category_id_bb9ddcde; Type: INDEX; Schema: public; Owner: marcelo
--

CREATE INDEX store_campaign_categories_category_id_bb9ddcde ON public.store_campaign_categories USING btree (category_id);


--
-- Name: store_campaign_images_campaign_id_4c7d5ba6; Type: INDEX; Schema: public; Owner: marcelo
--

CREATE INDEX store_campaign_images_campaign_id_4c7d5ba6 ON public.store_campaign_images USING btree (campaign_id);


--
-- Name: store_campaign_images_image_id_7b0cd131; Type: INDEX; Schema: public; Owner: marcelo
--

CREATE INDEX store_campaign_images_image_id_7b0cd131 ON public.store_campaign_images USING btree (image_id);


--
-- Name: store_product_categories_category_id_be6ba102; Type: INDEX; Schema: public; Owner: marcelo
--

CREATE INDEX store_product_categories_category_id_be6ba102 ON public.store_product_categories USING btree (category_id);


--
-- Name: store_product_categories_product_id_de429ba1; Type: INDEX; Schema: public; Owner: marcelo
--

CREATE INDEX store_product_categories_product_id_de429ba1 ON public.store_product_categories USING btree (product_id);


--
-- Name: store_product_images_image_id_8034c087; Type: INDEX; Schema: public; Owner: marcelo
--

CREATE INDEX store_product_images_image_id_8034c087 ON public.store_product_images USING btree (image_id);


--
-- Name: store_product_images_product_id_3cbe6160; Type: INDEX; Schema: public; Owner: marcelo
--

CREATE INDEX store_product_images_product_id_3cbe6160 ON public.store_product_images USING btree (product_id);


--
-- Name: store_product_sizes_product_id_7a229b18; Type: INDEX; Schema: public; Owner: marcelo
--

CREATE INDEX store_product_sizes_product_id_7a229b18 ON public.store_product_sizes USING btree (product_id);


--
-- Name: store_product_sizes_size_id_fad63358; Type: INDEX; Schema: public; Owner: marcelo
--

CREATE INDEX store_product_sizes_size_id_fad63358 ON public.store_product_sizes USING btree (size_id);


--
-- Name: store_wishlist_product_product_id_3e7eb36c; Type: INDEX; Schema: public; Owner: marcelo
--

CREATE INDEX store_wishlist_product_product_id_3e7eb36c ON public.store_wishlist_products USING btree (product_id);


--
-- Name: store_wishlist_product_wishlist_id_340cd6f7; Type: INDEX; Schema: public; Owner: marcelo
--

CREATE INDEX store_wishlist_product_wishlist_id_340cd6f7 ON public.store_wishlist_products USING btree (wishlist_id);


--
-- Name: auth_group_permissions auth_group_permissio_permission_id_84c5c92e_fk_auth_perm; Type: FK CONSTRAINT; Schema: public; Owner: marcelo
--

ALTER TABLE ONLY public.auth_group_permissions
    ADD CONSTRAINT auth_group_permissio_permission_id_84c5c92e_fk_auth_perm FOREIGN KEY (permission_id) REFERENCES public.auth_permission(id) DEFERRABLE INITIALLY DEFERRED;


--
-- Name: auth_group_permissions auth_group_permissions_group_id_b120cbf9_fk_auth_group_id; Type: FK CONSTRAINT; Schema: public; Owner: marcelo
--

ALTER TABLE ONLY public.auth_group_permissions
    ADD CONSTRAINT auth_group_permissions_group_id_b120cbf9_fk_auth_group_id FOREIGN KEY (group_id) REFERENCES public.auth_group(id) DEFERRABLE INITIALLY DEFERRED;


--
-- Name: auth_permission auth_permission_content_type_id_2f476e4b_fk_django_co; Type: FK CONSTRAINT; Schema: public; Owner: marcelo
--

ALTER TABLE ONLY public.auth_permission
    ADD CONSTRAINT auth_permission_content_type_id_2f476e4b_fk_django_co FOREIGN KEY (content_type_id) REFERENCES public.django_content_type(id) DEFERRABLE INITIALLY DEFERRED;


--
-- Name: auth_user_groups auth_user_groups_group_id_97559544_fk_auth_group_id; Type: FK CONSTRAINT; Schema: public; Owner: marcelo
--

ALTER TABLE ONLY public.auth_user_groups
    ADD CONSTRAINT auth_user_groups_group_id_97559544_fk_auth_group_id FOREIGN KEY (group_id) REFERENCES public.auth_group(id) DEFERRABLE INITIALLY DEFERRED;


--
-- Name: auth_user_groups auth_user_groups_user_id_6a12ed8b_fk_auth_user_id; Type: FK CONSTRAINT; Schema: public; Owner: marcelo
--

ALTER TABLE ONLY public.auth_user_groups
    ADD CONSTRAINT auth_user_groups_user_id_6a12ed8b_fk_auth_user_id FOREIGN KEY (user_id) REFERENCES public.auth_user(id) DEFERRABLE INITIALLY DEFERRED;


--
-- Name: auth_user_user_permissions auth_user_user_permi_permission_id_1fbb5f2c_fk_auth_perm; Type: FK CONSTRAINT; Schema: public; Owner: marcelo
--

ALTER TABLE ONLY public.auth_user_user_permissions
    ADD CONSTRAINT auth_user_user_permi_permission_id_1fbb5f2c_fk_auth_perm FOREIGN KEY (permission_id) REFERENCES public.auth_permission(id) DEFERRABLE INITIALLY DEFERRED;


--
-- Name: auth_user_user_permissions auth_user_user_permissions_user_id_a95ead1b_fk_auth_user_id; Type: FK CONSTRAINT; Schema: public; Owner: marcelo
--

ALTER TABLE ONLY public.auth_user_user_permissions
    ADD CONSTRAINT auth_user_user_permissions_user_id_a95ead1b_fk_auth_user_id FOREIGN KEY (user_id) REFERENCES public.auth_user(id) DEFERRABLE INITIALLY DEFERRED;


--
-- Name: django_admin_log django_admin_log_content_type_id_c4bce8eb_fk_django_co; Type: FK CONSTRAINT; Schema: public; Owner: marcelo
--

ALTER TABLE ONLY public.django_admin_log
    ADD CONSTRAINT django_admin_log_content_type_id_c4bce8eb_fk_django_co FOREIGN KEY (content_type_id) REFERENCES public.django_content_type(id) DEFERRABLE INITIALLY DEFERRED;


--
-- Name: django_admin_log django_admin_log_user_id_c564eba6_fk_auth_user_id; Type: FK CONSTRAINT; Schema: public; Owner: marcelo
--

ALTER TABLE ONLY public.django_admin_log
    ADD CONSTRAINT django_admin_log_user_id_c564eba6_fk_auth_user_id FOREIGN KEY (user_id) REFERENCES public.auth_user(id) DEFERRABLE INITIALLY DEFERRED;


--
-- Name: store_campaign_categories store_campaign_categ_campaign_id_723acf29_fk_store_cam; Type: FK CONSTRAINT; Schema: public; Owner: marcelo
--

ALTER TABLE ONLY public.store_campaign_categories
    ADD CONSTRAINT store_campaign_categ_campaign_id_723acf29_fk_store_cam FOREIGN KEY (campaign_id) REFERENCES public.store_campaign(id) DEFERRABLE INITIALLY DEFERRED;


--
-- Name: store_campaign_categories store_campaign_categ_category_id_bb9ddcde_fk_store_cat; Type: FK CONSTRAINT; Schema: public; Owner: marcelo
--

ALTER TABLE ONLY public.store_campaign_categories
    ADD CONSTRAINT store_campaign_categ_category_id_bb9ddcde_fk_store_cat FOREIGN KEY (category_id) REFERENCES public.store_category(id) DEFERRABLE INITIALLY DEFERRED;


--
-- Name: store_campaign_images store_campaign_images_campaign_id_4c7d5ba6_fk_store_campaign_id; Type: FK CONSTRAINT; Schema: public; Owner: marcelo
--

ALTER TABLE ONLY public.store_campaign_images
    ADD CONSTRAINT store_campaign_images_campaign_id_4c7d5ba6_fk_store_campaign_id FOREIGN KEY (campaign_id) REFERENCES public.store_campaign(id) DEFERRABLE INITIALLY DEFERRED;


--
-- Name: store_campaign_images store_campaign_images_image_id_7b0cd131_fk_store_image_id; Type: FK CONSTRAINT; Schema: public; Owner: marcelo
--

ALTER TABLE ONLY public.store_campaign_images
    ADD CONSTRAINT store_campaign_images_image_id_7b0cd131_fk_store_image_id FOREIGN KEY (image_id) REFERENCES public.store_image(id) DEFERRABLE INITIALLY DEFERRED;


--
-- Name: store_customer store_customer_user_id_04276401_fk_auth_user_id; Type: FK CONSTRAINT; Schema: public; Owner: marcelo
--

ALTER TABLE ONLY public.store_customer
    ADD CONSTRAINT store_customer_user_id_04276401_fk_auth_user_id FOREIGN KEY (user_id) REFERENCES public.auth_user(id) DEFERRABLE INITIALLY DEFERRED;


--
-- Name: store_product_categories store_product_catego_category_id_be6ba102_fk_store_cat; Type: FK CONSTRAINT; Schema: public; Owner: marcelo
--

ALTER TABLE ONLY public.store_product_categories
    ADD CONSTRAINT store_product_catego_category_id_be6ba102_fk_store_cat FOREIGN KEY (category_id) REFERENCES public.store_category(id) DEFERRABLE INITIALLY DEFERRED;


--
-- Name: store_product_categories store_product_catego_product_id_de429ba1_fk_store_pro; Type: FK CONSTRAINT; Schema: public; Owner: marcelo
--

ALTER TABLE ONLY public.store_product_categories
    ADD CONSTRAINT store_product_catego_product_id_de429ba1_fk_store_pro FOREIGN KEY (product_id) REFERENCES public.store_product(id) DEFERRABLE INITIALLY DEFERRED;


--
-- Name: store_product_images store_product_images_image_id_8034c087_fk_store_image_id; Type: FK CONSTRAINT; Schema: public; Owner: marcelo
--

ALTER TABLE ONLY public.store_product_images
    ADD CONSTRAINT store_product_images_image_id_8034c087_fk_store_image_id FOREIGN KEY (image_id) REFERENCES public.store_image(id) DEFERRABLE INITIALLY DEFERRED;


--
-- Name: store_product_images store_product_images_product_id_3cbe6160_fk_store_product_id; Type: FK CONSTRAINT; Schema: public; Owner: marcelo
--

ALTER TABLE ONLY public.store_product_images
    ADD CONSTRAINT store_product_images_product_id_3cbe6160_fk_store_product_id FOREIGN KEY (product_id) REFERENCES public.store_product(id) DEFERRABLE INITIALLY DEFERRED;


--
-- Name: store_product_sizes store_product_sizes_product_id_7a229b18_fk_store_product_id; Type: FK CONSTRAINT; Schema: public; Owner: marcelo
--

ALTER TABLE ONLY public.store_product_sizes
    ADD CONSTRAINT store_product_sizes_product_id_7a229b18_fk_store_product_id FOREIGN KEY (product_id) REFERENCES public.store_product(id) DEFERRABLE INITIALLY DEFERRED;


--
-- Name: store_product_sizes store_product_sizes_size_id_fad63358_fk_store_size_id; Type: FK CONSTRAINT; Schema: public; Owner: marcelo
--

ALTER TABLE ONLY public.store_product_sizes
    ADD CONSTRAINT store_product_sizes_size_id_fad63358_fk_store_size_id FOREIGN KEY (size_id) REFERENCES public.store_size(id) DEFERRABLE INITIALLY DEFERRED;


--
-- Name: store_wishlist store_wishlist_customer_id_eea820bf_fk_store_customer_id; Type: FK CONSTRAINT; Schema: public; Owner: marcelo
--

ALTER TABLE ONLY public.store_wishlist
    ADD CONSTRAINT store_wishlist_customer_id_eea820bf_fk_store_customer_id FOREIGN KEY (customer_id) REFERENCES public.store_customer(id) DEFERRABLE INITIALLY DEFERRED;


--
-- Name: store_wishlist_products store_wishlist_produ_wishlist_id_340cd6f7_fk_store_wis; Type: FK CONSTRAINT; Schema: public; Owner: marcelo
--

ALTER TABLE ONLY public.store_wishlist_products
    ADD CONSTRAINT store_wishlist_produ_wishlist_id_340cd6f7_fk_store_wis FOREIGN KEY (wishlist_id) REFERENCES public.store_wishlist(id) DEFERRABLE INITIALLY DEFERRED;


--
-- Name: store_wishlist_products store_wishlist_product_product_id_3e7eb36c_fk_store_product_id; Type: FK CONSTRAINT; Schema: public; Owner: marcelo
--

ALTER TABLE ONLY public.store_wishlist_products
    ADD CONSTRAINT store_wishlist_product_product_id_3e7eb36c_fk_store_product_id FOREIGN KEY (product_id) REFERENCES public.store_product(id) DEFERRABLE INITIALLY DEFERRED;


--
-- PostgreSQL database dump complete
--

